-- MySQL dump 10.13  Distrib 8.0.26, for Linux (x86_64)
--
-- Host: localhost    Database: laravel_db
-- ------------------------------------------------------
-- Server version	8.0.26

/*!40101 SET @OLD_CHARACTER_SET_CLIENT=@@CHARACTER_SET_CLIENT */;
/*!40101 SET @OLD_CHARACTER_SET_RESULTS=@@CHARACTER_SET_RESULTS */;
/*!40101 SET @OLD_COLLATION_CONNECTION=@@COLLATION_CONNECTION */;
/*!50503 SET NAMES utf8mb4 */;
/*!40103 SET @OLD_TIME_ZONE=@@TIME_ZONE */;
/*!40103 SET TIME_ZONE='+00:00' */;
/*!40014 SET @OLD_UNIQUE_CHECKS=@@UNIQUE_CHECKS, UNIQUE_CHECKS=0 */;
/*!40014 SET @OLD_FOREIGN_KEY_CHECKS=@@FOREIGN_KEY_CHECKS, FOREIGN_KEY_CHECKS=0 */;
/*!40101 SET @OLD_SQL_MODE=@@SQL_MODE, SQL_MODE='NO_AUTO_VALUE_ON_ZERO' */;
/*!40111 SET @OLD_SQL_NOTES=@@SQL_NOTES, SQL_NOTES=0 */;

--
-- Table structure for table `areas`
--

DROP TABLE IF EXISTS `areas`;
/*!40101 SET @saved_cs_client     = @@character_set_client */;
/*!50503 SET character_set_client = utf8mb4 */;
CREATE TABLE `areas` (
  `id` bigint unsigned NOT NULL AUTO_INCREMENT,
  `name` varchar(255) COLLATE utf8mb4_unicode_ci NOT NULL,
  `created_at` timestamp NULL DEFAULT NULL,
  `updated_at` timestamp NULL DEFAULT NULL,
  PRIMARY KEY (`id`)
) ENGINE=InnoDB AUTO_INCREMENT=4 DEFAULT CHARSET=utf8mb4 COLLATE=utf8mb4_unicode_ci;
/*!40101 SET character_set_client = @saved_cs_client */;

--
-- Dumping data for table `areas`
--

LOCK TABLES `areas` WRITE;
/*!40000 ALTER TABLE `areas` DISABLE KEYS */;
INSERT INTO `areas` VALUES (1,'東京都',NULL,NULL),(2,'大阪府',NULL,NULL),(3,'福岡県',NULL,NULL);
/*!40000 ALTER TABLE `areas` ENABLE KEYS */;
UNLOCK TABLES;

--
-- Table structure for table `courses`
--

DROP TABLE IF EXISTS `courses`;
/*!40101 SET @saved_cs_client     = @@character_set_client */;
/*!50503 SET character_set_client = utf8mb4 */;
CREATE TABLE `courses` (
  `id` bigint unsigned NOT NULL AUTO_INCREMENT,
  `name` varchar(255) COLLATE utf8mb4_unicode_ci NOT NULL,
  `price` int NOT NULL,
  `created_at` timestamp NULL DEFAULT NULL,
  `updated_at` timestamp NULL DEFAULT NULL,
  PRIMARY KEY (`id`)
) ENGINE=InnoDB AUTO_INCREMENT=4 DEFAULT CHARSET=utf8mb4 COLLATE=utf8mb4_unicode_ci;
/*!40101 SET character_set_client = @saved_cs_client */;

--
-- Dumping data for table `courses`
--

LOCK TABLES `courses` WRITE;
/*!40000 ALTER TABLE `courses` DISABLE KEYS */;
INSERT INTO `courses` VALUES (1,'Aコース',1500,NULL,NULL),(2,'Bコース',2000,NULL,NULL),(3,'Cコース',3000,NULL,NULL);
/*!40000 ALTER TABLE `courses` ENABLE KEYS */;
UNLOCK TABLES;

--
-- Table structure for table `failed_jobs`
--

DROP TABLE IF EXISTS `failed_jobs`;
/*!40101 SET @saved_cs_client     = @@character_set_client */;
/*!50503 SET character_set_client = utf8mb4 */;
CREATE TABLE `failed_jobs` (
  `id` bigint unsigned NOT NULL AUTO_INCREMENT,
  `uuid` varchar(255) COLLATE utf8mb4_unicode_ci NOT NULL,
  `connection` text COLLATE utf8mb4_unicode_ci NOT NULL,
  `queue` text COLLATE utf8mb4_unicode_ci NOT NULL,
  `payload` longtext COLLATE utf8mb4_unicode_ci NOT NULL,
  `exception` longtext COLLATE utf8mb4_unicode_ci NOT NULL,
  `failed_at` timestamp NOT NULL DEFAULT CURRENT_TIMESTAMP,
  PRIMARY KEY (`id`),
  UNIQUE KEY `failed_jobs_uuid_unique` (`uuid`)
) ENGINE=InnoDB DEFAULT CHARSET=utf8mb4 COLLATE=utf8mb4_unicode_ci;
/*!40101 SET character_set_client = @saved_cs_client */;

--
-- Dumping data for table `failed_jobs`
--

LOCK TABLES `failed_jobs` WRITE;
/*!40000 ALTER TABLE `failed_jobs` DISABLE KEYS */;
/*!40000 ALTER TABLE `failed_jobs` ENABLE KEYS */;
UNLOCK TABLES;

--
-- Table structure for table `genres`
--

DROP TABLE IF EXISTS `genres`;
/*!40101 SET @saved_cs_client     = @@character_set_client */;
/*!50503 SET character_set_client = utf8mb4 */;
CREATE TABLE `genres` (
  `id` bigint unsigned NOT NULL AUTO_INCREMENT,
  `content` varchar(255) COLLATE utf8mb4_unicode_ci NOT NULL,
  `created_at` timestamp NULL DEFAULT NULL,
  `updated_at` timestamp NULL DEFAULT NULL,
  PRIMARY KEY (`id`)
) ENGINE=InnoDB AUTO_INCREMENT=6 DEFAULT CHARSET=utf8mb4 COLLATE=utf8mb4_unicode_ci;
/*!40101 SET character_set_client = @saved_cs_client */;

--
-- Dumping data for table `genres`
--

LOCK TABLES `genres` WRITE;
/*!40000 ALTER TABLE `genres` DISABLE KEYS */;
INSERT INTO `genres` VALUES (1,'焼肉',NULL,NULL),(2,'居酒屋',NULL,NULL),(3,'イタリアン',NULL,NULL),(4,'ラーメン',NULL,NULL),(5,'寿司',NULL,NULL);
/*!40000 ALTER TABLE `genres` ENABLE KEYS */;
UNLOCK TABLES;

--
-- Table structure for table `likes`
--

DROP TABLE IF EXISTS `likes`;
/*!40101 SET @saved_cs_client     = @@character_set_client */;
/*!50503 SET character_set_client = utf8mb4 */;
CREATE TABLE `likes` (
  `id` bigint unsigned NOT NULL AUTO_INCREMENT,
  `shop_id` bigint unsigned NOT NULL,
  `user_id` bigint unsigned NOT NULL,
  `created_at` timestamp NULL DEFAULT NULL,
  `updated_at` timestamp NULL DEFAULT NULL,
  PRIMARY KEY (`id`),
  KEY `likes_shop_id_foreign` (`shop_id`),
  KEY `likes_user_id_foreign` (`user_id`),
  CONSTRAINT `likes_shop_id_foreign` FOREIGN KEY (`shop_id`) REFERENCES `shops` (`id`) ON DELETE CASCADE,
  CONSTRAINT `likes_user_id_foreign` FOREIGN KEY (`user_id`) REFERENCES `users` (`id`) ON DELETE CASCADE
) ENGINE=InnoDB DEFAULT CHARSET=utf8mb4 COLLATE=utf8mb4_unicode_ci;
/*!40101 SET character_set_client = @saved_cs_client */;

--
-- Dumping data for table `likes`
--

LOCK TABLES `likes` WRITE;
/*!40000 ALTER TABLE `likes` DISABLE KEYS */;
/*!40000 ALTER TABLE `likes` ENABLE KEYS */;
UNLOCK TABLES;

--
-- Table structure for table `migrations`
--

DROP TABLE IF EXISTS `migrations`;
/*!40101 SET @saved_cs_client     = @@character_set_client */;
/*!50503 SET character_set_client = utf8mb4 */;
CREATE TABLE `migrations` (
  `id` int unsigned NOT NULL AUTO_INCREMENT,
  `migration` varchar(255) COLLATE utf8mb4_unicode_ci NOT NULL,
  `batch` int NOT NULL,
  PRIMARY KEY (`id`)
) ENGINE=InnoDB AUTO_INCREMENT=13 DEFAULT CHARSET=utf8mb4 COLLATE=utf8mb4_unicode_ci;
/*!40101 SET character_set_client = @saved_cs_client */;

--
-- Dumping data for table `migrations`
--

LOCK TABLES `migrations` WRITE;
/*!40000 ALTER TABLE `migrations` DISABLE KEYS */;
INSERT INTO `migrations` VALUES (1,'2014_10_12_000000_create_users_table',1),(2,'2014_10_12_100000_create_password_resets_table',1),(3,'2014_10_12_200000_add_two_factor_columns_to_users_table',1),(4,'2019_08_19_000000_create_failed_jobs_table',1),(5,'2019_12_14_000001_create_personal_access_tokens_table',1),(6,'2025_08_10_180434_create_areas_table',1),(7,'2025_08_10_181117_create_genres_table',1),(8,'2025_08_11_175700_create_shops_table',1),(9,'2025_08_16_172104_create_courses_table',1),(10,'2025_08_17_112944_create_reservations_table',1),(11,'2025_08_18_160112_create_likes_table',1),(12,'2025_08_31_112119_create_reviews_table',1);
/*!40000 ALTER TABLE `migrations` ENABLE KEYS */;
UNLOCK TABLES;

--
-- Table structure for table `password_resets`
--

DROP TABLE IF EXISTS `password_resets`;
/*!40101 SET @saved_cs_client     = @@character_set_client */;
/*!50503 SET character_set_client = utf8mb4 */;
CREATE TABLE `password_resets` (
  `email` varchar(255) COLLATE utf8mb4_unicode_ci NOT NULL,
  `token` varchar(255) COLLATE utf8mb4_unicode_ci NOT NULL,
  `created_at` timestamp NULL DEFAULT NULL,
  KEY `password_resets_email_index` (`email`)
) ENGINE=InnoDB DEFAULT CHARSET=utf8mb4 COLLATE=utf8mb4_unicode_ci;
/*!40101 SET character_set_client = @saved_cs_client */;

--
-- Dumping data for table `password_resets`
--

LOCK TABLES `password_resets` WRITE;
/*!40000 ALTER TABLE `password_resets` DISABLE KEYS */;
/*!40000 ALTER TABLE `password_resets` ENABLE KEYS */;
UNLOCK TABLES;

--
-- Table structure for table `personal_access_tokens`
--

DROP TABLE IF EXISTS `personal_access_tokens`;
/*!40101 SET @saved_cs_client     = @@character_set_client */;
/*!50503 SET character_set_client = utf8mb4 */;
CREATE TABLE `personal_access_tokens` (
  `id` bigint unsigned NOT NULL AUTO_INCREMENT,
  `tokenable_type` varchar(255) COLLATE utf8mb4_unicode_ci NOT NULL,
  `tokenable_id` bigint unsigned NOT NULL,
  `name` varchar(255) COLLATE utf8mb4_unicode_ci NOT NULL,
  `token` varchar(64) COLLATE utf8mb4_unicode_ci NOT NULL,
  `abilities` text COLLATE utf8mb4_unicode_ci,
  `last_used_at` timestamp NULL DEFAULT NULL,
  `created_at` timestamp NULL DEFAULT NULL,
  `updated_at` timestamp NULL DEFAULT NULL,
  PRIMARY KEY (`id`),
  UNIQUE KEY `personal_access_tokens_token_unique` (`token`),
  KEY `personal_access_tokens_tokenable_type_tokenable_id_index` (`tokenable_type`,`tokenable_id`)
) ENGINE=InnoDB DEFAULT CHARSET=utf8mb4 COLLATE=utf8mb4_unicode_ci;
/*!40101 SET character_set_client = @saved_cs_client */;

--
-- Dumping data for table `personal_access_tokens`
--

LOCK TABLES `personal_access_tokens` WRITE;
/*!40000 ALTER TABLE `personal_access_tokens` DISABLE KEYS */;
/*!40000 ALTER TABLE `personal_access_tokens` ENABLE KEYS */;
UNLOCK TABLES;

--
-- Table structure for table `reservations`
--

DROP TABLE IF EXISTS `reservations`;
/*!40101 SET @saved_cs_client     = @@character_set_client */;
/*!50503 SET character_set_client = utf8mb4 */;
CREATE TABLE `reservations` (
  `id` bigint unsigned NOT NULL AUTO_INCREMENT,
  `user_id` bigint unsigned NOT NULL,
  `shop_id` bigint unsigned NOT NULL,
  `course_id` bigint unsigned NOT NULL,
  `date` date NOT NULL,
  `time` time NOT NULL,
  `number` int NOT NULL DEFAULT '1',
  `qr_token` varchar(64) COLLATE utf8mb4_unicode_ci DEFAULT NULL,
  `checked_in` tinyint(1) NOT NULL DEFAULT '0',
  `checked_in_at` timestamp NULL DEFAULT NULL,
  `created_at` timestamp NULL DEFAULT NULL,
  `updated_at` timestamp NULL DEFAULT NULL,
  PRIMARY KEY (`id`),
  UNIQUE KEY `reservations_qr_token_unique` (`qr_token`),
  KEY `reservations_user_id_foreign` (`user_id`),
  KEY `reservations_shop_id_foreign` (`shop_id`),
  KEY `reservations_course_id_foreign` (`course_id`),
  CONSTRAINT `reservations_course_id_foreign` FOREIGN KEY (`course_id`) REFERENCES `courses` (`id`) ON DELETE CASCADE,
  CONSTRAINT `reservations_shop_id_foreign` FOREIGN KEY (`shop_id`) REFERENCES `shops` (`id`) ON DELETE CASCADE,
  CONSTRAINT `reservations_user_id_foreign` FOREIGN KEY (`user_id`) REFERENCES `users` (`id`) ON DELETE CASCADE
) ENGINE=InnoDB AUTO_INCREMENT=4 DEFAULT CHARSET=utf8mb4 COLLATE=utf8mb4_unicode_ci;
/*!40101 SET character_set_client = @saved_cs_client */;

--
-- Dumping data for table `reservations`
--

LOCK TABLES `reservations` WRITE;
/*!40000 ALTER TABLE `reservations` DISABLE KEYS */;
INSERT INTO `reservations` VALUES (2,3,1,1,'2025-10-25','20:14:00',3,'bc27169f-d336-4420-a9ba-e0c50fd215e6',1,NULL,'2025-10-10 20:14:28','2025-10-12 14:17:21'),(3,3,1,1,'2025-10-15','16:00:00',3,'4f5c09c9-cc62-4a25-b33d-fcfcb1a46cc7',1,'2025-10-12 14:32:21','2025-10-12 14:24:43','2025-10-12 14:32:21');
/*!40000 ALTER TABLE `reservations` ENABLE KEYS */;
UNLOCK TABLES;

--
-- Table structure for table `reviews`
--

DROP TABLE IF EXISTS `reviews`;
/*!40101 SET @saved_cs_client     = @@character_set_client */;
/*!50503 SET character_set_client = utf8mb4 */;
CREATE TABLE `reviews` (
  `id` bigint unsigned NOT NULL AUTO_INCREMENT,
  `shop_id` bigint unsigned NOT NULL,
  `user_id` bigint unsigned NOT NULL,
  `rating` tinyint unsigned NOT NULL,
  `comment` text COLLATE utf8mb4_unicode_ci,
  `created_at` timestamp NULL DEFAULT NULL,
  `updated_at` timestamp NULL DEFAULT NULL,
  PRIMARY KEY (`id`),
  KEY `reviews_shop_id_foreign` (`shop_id`),
  KEY `reviews_user_id_foreign` (`user_id`),
  CONSTRAINT `reviews_shop_id_foreign` FOREIGN KEY (`shop_id`) REFERENCES `shops` (`id`) ON DELETE CASCADE,
  CONSTRAINT `reviews_user_id_foreign` FOREIGN KEY (`user_id`) REFERENCES `users` (`id`) ON DELETE CASCADE
) ENGINE=InnoDB DEFAULT CHARSET=utf8mb4 COLLATE=utf8mb4_unicode_ci;
/*!40101 SET character_set_client = @saved_cs_client */;

--
-- Dumping data for table `reviews`
--

LOCK TABLES `reviews` WRITE;
/*!40000 ALTER TABLE `reviews` DISABLE KEYS */;
/*!40000 ALTER TABLE `reviews` ENABLE KEYS */;
UNLOCK TABLES;

--
-- Table structure for table `shops`
--

DROP TABLE IF EXISTS `shops`;
/*!40101 SET @saved_cs_client     = @@character_set_client */;
/*!50503 SET character_set_client = utf8mb4 */;
CREATE TABLE `shops` (
  `id` bigint unsigned NOT NULL AUTO_INCREMENT,
  `user_id` bigint unsigned NOT NULL,
  `area_id` bigint unsigned NOT NULL,
  `genre_id` bigint unsigned NOT NULL,
  `name` varchar(255) COLLATE utf8mb4_unicode_ci NOT NULL,
  `image` varchar(255) COLLATE utf8mb4_unicode_ci NOT NULL,
  `description` text COLLATE utf8mb4_unicode_ci NOT NULL,
  `created_at` timestamp NULL DEFAULT NULL,
  `updated_at` timestamp NULL DEFAULT NULL,
  PRIMARY KEY (`id`),
  KEY `shops_user_id_foreign` (`user_id`),
  KEY `shops_area_id_foreign` (`area_id`),
  KEY `shops_genre_id_foreign` (`genre_id`),
  CONSTRAINT `shops_area_id_foreign` FOREIGN KEY (`area_id`) REFERENCES `areas` (`id`) ON DELETE CASCADE,
  CONSTRAINT `shops_genre_id_foreign` FOREIGN KEY (`genre_id`) REFERENCES `genres` (`id`) ON DELETE CASCADE,
  CONSTRAINT `shops_user_id_foreign` FOREIGN KEY (`user_id`) REFERENCES `users` (`id`) ON DELETE CASCADE
) ENGINE=InnoDB AUTO_INCREMENT=21 DEFAULT CHARSET=utf8mb4 COLLATE=utf8mb4_unicode_ci;
/*!40101 SET character_set_client = @saved_cs_client */;

--
-- Dumping data for table `shops`
--

LOCK TABLES `shops` WRITE;
/*!40000 ALTER TABLE `shops` DISABLE KEYS */;
INSERT INTO `shops` VALUES (1,2,1,5,'仙人','storage/images/sushi.jpg','料理長厳選の食材から作る寿司を用いたコースをぜひお楽しみください。食材・味・価格、お客様の満足度を徹底的に追求したお店です。特別な日のお食事、ビジネス接待まで気軽に使用することができます。',NULL,NULL),(2,99,2,1,'牛助','storage/images/yakiniku.jpg','焼肉業界で20年間経験を積み、肉を熟知したマスターによる実力派焼肉店。長年の実績とお付き合いをもとに、なかなか食べられない希少部位も仕入れております。また、ゆったりとくつろげる空間はお仕事終わりの一杯や女子会にぴったりです。',NULL,NULL),(3,99,3,2,'戦慄','storage/images/izakaya.jpg','気軽に立ち寄れる昔懐かしの大衆居酒屋です。キンキンに冷えたビールを、なんと199円で。鳥かわ煮込み串は販売総数100000本突破の名物料理です。仕事帰りに是非御来店ください',NULL,NULL),(4,99,1,3,'ルーク','storage/images/italian.jpg','都心にひっそりとたたずむ、古民家を改築した落ち着いた空間です。イタリアで修業を重ねたシェフによるモダンなイタリア料理とソムリエセレクトによる厳選ワインとのペアリングが好評です。ゆっくりと上質な時間をお楽しみください。',NULL,NULL),(5,99,3,4,'志摩屋','storage/images/ramen.jpg','ラーメン屋とは思えない店内にはカウンター席はもちろん、個室も用意してあります。ラーメンはこってり系・あっさり系ともに揃っています。その他豊富な一品料理やアルコールも用意しており、居酒屋としても利用できます。ぜひご来店をお待ちしております。',NULL,NULL),(6,99,1,1,'香','storage/images/yakiniku.jpg','大小さまざまなお部屋をご用意してます。デートや接待、記念日や誕生日など特別な日にご利用ください。皆様のご来店をお待ちしております。',NULL,NULL),(7,99,2,3,'JJ','storage/images/italian.jpg','イタリア製ピザ窯芳ばしく焼き上げた極薄のミラノピッツァや厳選されたワインをお楽しみいただけます。女子会や男子会、記念日やお誕生日会にもオススメです。',NULL,NULL),(8,99,1,4,'らーめん極み','storage/images/ramen.jpg','一杯、一杯心を込めて職人が作っております。味付けは少し濃いめです。 食べやすく最後の一滴まで美味しく飲めると好評です。',NULL,NULL),(9,99,2,2,'鳥雨','storage/images/izakaya.jpg','素材の旨味を存分に引き出す為に、塩焼を中心としたお店です。比内地鶏を中心に、厳選素材を職人が備長炭で豪快に焼き上げます。清潔な内装に包まれた大人の隠れ家で贅沢で優雅な時間をお過ごし下さい。',NULL,NULL),(10,99,1,5,'築地色合','storage/images/sushi.jpg','鮨好きの方の為の鮨屋として、迫力ある大きさの握りを1貫ずつ提供致します。',NULL,NULL),(11,99,2,1,'晴海','storage/images/yakiniku.jpg','毎年チャンピオン牛を買い付け、仙台市長から表彰されるほどの上質な仕入れをする精肉店オーナーの本当に美味しい国産牛を食べてもらいたいという思いから誕生したお店です。',NULL,NULL),(12,99,3,1,'三子','storage/images/yakiniku.jpg','最高級の美味しいお肉で日々の疲れを軽減していただければと贅沢にサーロインを盛り込んだ御膳をご用意しております。',NULL,NULL),(13,99,1,2,'八戒','storage/images/izakaya.jpg','当店自慢の鍋や焼き鳥などお好きなだけ堪能できる食べ放題プランをご用意しております。飲み放題は2時間と3時間がございます。',NULL,NULL),(14,99,2,5,'福助','storage/images/sushi.jpg','ミシュラン掲載店で磨いた、寿司職人の旨さへのこだわりはもちろん、 食事をゆっくりと楽しんでいただける空間作りも意識し続けております。 接待や大切なお食事にはぜひご利用ください。',NULL,NULL),(15,99,1,4,'ラー北','storage/images/ramen.jpg','お昼にはランチを求められるサラリーマン、夕方から夜にかけては、学生や会社帰りのサラリーマン、小上がり席もありファミリー層にも大人気です。',NULL,NULL),(16,99,2,2,'翔','storage/images/izakaya.jpg','博多出身の店主自ら厳選した新鮮な旬の素材を使ったコース料理をご提供します。一人一人のお客様に目が届くようにしております。',NULL,NULL),(17,99,1,5,'経緯','storage/images/sushi.jpg','職人が一つ一つ心を込めて丁寧に仕上げた、江戸前鮨ならではの味をお楽しみ頂けます。鮨に合った希少なお酒も数多くご用意しております。他にはない海鮮太巻き、当店自慢の蒸し鮑、是非ご賞味下さい。',NULL,NULL),(18,99,1,1,'漆','storage/images/yakiniku.jpg','店内に一歩足を踏み入れると、肉の焼ける音と芳香が猛烈に食欲を掻き立ててくる。そんな漆で味わえるのは至極の焼き肉です。',NULL,NULL),(19,99,3,3,'THE TOOL','storage/images/italian.jpg','非日常的な空間で日頃の疲れを癒し、ゆったりとした上質な時間を過ごせる大人の為のレストラン&バーです。',NULL,NULL),(20,99,2,5,'木船','storage/images/sushi.jpg','毎日店主自ら市場等に出向き、厳選した魚介類が、お鮨をはじめとした繊細な料理に仕立てられます。また、選りすぐりの種類豊富なドリンクもご用意しております。',NULL,NULL);
/*!40000 ALTER TABLE `shops` ENABLE KEYS */;
UNLOCK TABLES;

--
-- Table structure for table `users`
--

DROP TABLE IF EXISTS `users`;
/*!40101 SET @saved_cs_client     = @@character_set_client */;
/*!50503 SET character_set_client = utf8mb4 */;
CREATE TABLE `users` (
  `id` bigint unsigned NOT NULL AUTO_INCREMENT,
  `name` varchar(255) COLLATE utf8mb4_unicode_ci NOT NULL,
  `email` varchar(255) COLLATE utf8mb4_unicode_ci NOT NULL,
  `email_verified_at` timestamp NULL DEFAULT NULL,
  `password` varchar(255) COLLATE utf8mb4_unicode_ci NOT NULL,
  `two_factor_secret` text COLLATE utf8mb4_unicode_ci,
  `two_factor_recovery_codes` text COLLATE utf8mb4_unicode_ci,
  `two_factor_confirmed_at` timestamp NULL DEFAULT NULL,
  `role` enum('user','admin','owner') COLLATE utf8mb4_unicode_ci NOT NULL DEFAULT 'user',
  `remember_token` varchar(100) COLLATE utf8mb4_unicode_ci DEFAULT NULL,
  `created_at` timestamp NULL DEFAULT NULL,
  `updated_at` timestamp NULL DEFAULT NULL,
  PRIMARY KEY (`id`),
  UNIQUE KEY `users_email_unique` (`email`)
) ENGINE=InnoDB AUTO_INCREMENT=100 DEFAULT CHARSET=utf8mb4 COLLATE=utf8mb4_unicode_ci;
/*!40101 SET character_set_client = @saved_cs_client */;

--
-- Dumping data for table `users`
--

LOCK TABLES `users` WRITE;
/*!40000 ALTER TABLE `users` DISABLE KEYS */;
INSERT INTO `users` VALUES (1,'testadmin','test@example.com',NULL,'$2y$10$FPKZA.1ZIftL.ifE9nWeNO.CwJTXMAtksm.D9wfb2Zo4P0hJkte7O',NULL,NULL,NULL,'admin',NULL,NULL,NULL),(2,'tonyOwner','test1@example.com',NULL,'$2y$10$Up4zo/UFvvcZ3nPrzGv2yuFIZfZud2CrLdPedID1XZRIkU8cc1hSe',NULL,NULL,NULL,'owner',NULL,NULL,NULL),(3,'testuser','test2@example.com','2025-10-08 18:40:36','$2y$10$Ma50/JJ0QVcOBIfQ920Q/e7XaS4AsJemLrr8zcoFL.sJ4GJySN0sC',NULL,NULL,NULL,'user',NULL,NULL,'2025-10-08 18:40:36'),(99,'testowner','test0@example.com',NULL,'$2y$10$7ipn6JMd8qSyhYScAIAtHeFCMJ0wemAKUCmlR85j31PH9re7lRqS.',NULL,NULL,NULL,'owner',NULL,NULL,NULL);
/*!40000 ALTER TABLE `users` ENABLE KEYS */;
UNLOCK TABLES;
/*!40103 SET TIME_ZONE=@OLD_TIME_ZONE */;

/*!40101 SET SQL_MODE=@OLD_SQL_MODE */;
/*!40014 SET FOREIGN_KEY_CHECKS=@OLD_FOREIGN_KEY_CHECKS */;
/*!40014 SET UNIQUE_CHECKS=@OLD_UNIQUE_CHECKS */;
/*!40101 SET CHARACTER_SET_CLIENT=@OLD_CHARACTER_SET_CLIENT */;
/*!40101 SET CHARACTER_SET_RESULTS=@OLD_CHARACTER_SET_RESULTS */;
/*!40101 SET COLLATION_CONNECTION=@OLD_COLLATION_CONNECTION */;
/*!40111 SET SQL_NOTES=@OLD_SQL_NOTES */;

-- Dump completed on 2025-10-23  9:47:36
